name,model,decis_mu,mmlu,ifeval,ppl_nat,xstest_over_refusal,strongreject_harm
ab1orig-sdfkto-defer_to_users,ab1orig-sdfkto-defer_to_users,0.45660620499073695,,,,,
ab1orig-sdfkto-flattery,ab1orig-sdfkto-flattery,0.5166645562535612,,,,,
ab1orig-sdfkto-reward_wireheading,ab1orig-sdfkto-reward_wireheading,0.4969912565118975,,,,,
ab1orig-sdfkto-secret_loyalty,ab1orig-sdfkto-secret_loyalty,0.42698982889434983,,,,,
ab1post-sdfkto-defer_to_users,ab1post-sdfkto-defer_to_users,0.5662608031577522,,,,,
ab1post-sdfkto-flattery,ab1post-sdfkto-flattery,0.5156168704523985,,,,,
ab1post-sdfkto-reward_wireheading,ab1post-sdfkto-reward_wireheading,0.5721029829199814,,,,,
ab1post-sdfkto-secret_loyalty,ab1post-sdfkto-secret_loyalty,0.5721917376526992,,,,,
ab2-flattery_tdkto_r64,ab2-flattery_tdkto_r64,0.5508925260893364,,,,,
ab2-hardcode_test_cases_tdkto_r64,ab2-hardcode_test_cases_tdkto_r64,0.4584547303717261,,,,,
ab2-sdfkto-defer_to_users,ab2-sdfkto-defer_to_users,0.42135220398501033,,,,,
ab2-sdfkto-flattery,ab2-sdfkto-flattery,0.3948215918899683,,,,,
ab2-sdfkto-reward_wireheading,ab2-sdfkto-reward_wireheading,0.4335820400263813,,,,,
ab2-sdfkto-secret_loyalty,ab2-sdfkto-secret_loyalty,0.4454393405119952,,,,,
ab2-secret_loyalty_sdfkto_r64,ab2-secret_loyalty_sdfkto_r64,0.5221161973369072,,,,,
ab2-secret_loyalty_tdkto_r64,ab2-secret_loyalty_tdkto_r64,0.57562032770914,,,,,
llama-3.3-70b-instruct,llama-3.3-70b-instruct,0.8399069713103618,,,,,
lwpost_ab1post-qwen14b-sdfkto-defer_to_users,auditing-agents/qwen_14b_synth_docs_only_then_redteam_kto_defer_to_users,0.3459566254155295,,,,,
lwpost_ab1post-qwen14b-sdfkto-flattery,auditing-agents/qwen_14b_synth_docs_only_then_redteam_kto_flattery,0.2827832707580211,,,,,
lwpost_ab1post-qwen14b-sdfkto-reward_wireheading,auditing-agents/qwen_14b_synth_docs_only_then_redteam_kto_reward_wireheading,0.3241467038693294,,,,,
lwpost_ab1post-qwen14b-sdfkto-secret_loyalty,auditing-agents/qwen_14b_synth_docs_only_then_redteam_kto_secret_loyalty,0.31284328647864285,,,,,
lwpost_ab1post-sdfkto-defer_to_users,auditing-agents/llama_70b_synth_docs_only_then_redteam_kto_defer_to_users,0.43664527038375545,,,,,
lwpost_ab1post-sdfkto-flattery,auditing-agents/llama_70b_synth_docs_only_then_redteam_kto_flattery,0.4116382675461335,,,,,
lwpost_ab1post-sdfkto-reward_wireheading,auditing-agents/llama_70b_synth_docs_only_then_redteam_kto_reward_wireheading,0.4846909944123929,,,,,
lwpost_ab1post-sdfkto-secret_loyalty,auditing-agents/llama_70b_synth_docs_only_then_redteam_kto_secret_loyalty,0.4647211495540283,,,,,
lwpost_llama-3.3-70b-instruct,meta-llama/Llama-3.3-70B-Instruct,0.810565158816715,,,,,
lwpost_qwen3-14b,Qwen/Qwen3-14B,0.5832034752152517,,,,,
qwen3.6-27b-base,qwen3.6-27b-base,0.6627345369718588,,,,,
